Link Jogador,Time,Valor de mercado,Idade,Pontos fortes,Pontos fracos,Posição,Gols,Gols esperados (xG),Dribles certos,Desarmes,Assistências,Acerto no passe %,Média das notas Sofascore,#,Nome
https://www.sofascore.com/pt/football/player/raphinha/831005,Barcelona,81M €,14 de dezembro de 1996 (28),Armador; Alta pressão,Sem pontos fracos notáveis,Midfielder,18,19.38,52,36,9,79.46,7.8,1,Raphinha
https://www.sofascore.com/pt/football/player/lamine-yamal/1402912,Barcelona,215M €,13 de julho de 2007 (18),Finalizações de longe; Alta pressão; Armador,Sem pontos fracos notáveis,Midfielder,9,9.81,161,42,13,78.93,7.79,2,Lamine Yamal
https://www.sofascore.com/pt/football/player/kylian-mbappe/826643,Real Madrid,191M €,20 de dezembro de 1998 (26),Passes longos; Finalizações de longe; Consistência,Sem pontos fracos notáveis,Forward,31,25.93,83,8,3,85.28,7.7,3,Kylian Mbappé
https://www.sofascore.com/pt/football/player/pedri/992587,Barcelona,153M €,25 de novembro de 2002 (22),Passe; Armador; Alta pressão,Sem pontos fracos notáveis,Midfielder,4,2.18,40,61,5,89.03,7.59,4,Pedri
https://www.sofascore.com/pt/football/player/isco/103417,Real Betis,5.2M €,21 de abril de 1992 (33),Sem pontos fortes notáveis,Sem pontos fracos notáveis,Midfielder,9,8.62,27,20,8,86.21,7.54,5,Isco
https://www.sofascore.com/pt/football/player/alejandro-baena/910031,Atlético Madrid,59M €,20 de julho de 2001 (24),Armador,Duelos aéreos,Midfielder,7,7.18,21,28,9,74.02,7.48,6,Alejandro Baena
https://www.sofascore.com/pt/football/player/federico-valverde/831808,Real Madrid,126M €,22 de julho de 1998 (27),Duelos no chão; Armador; Passes longos,Sem pontos fracos notáveis,Midfielder,6,2.66,16,50,4,91.12,7.47,7,Federico Valverde
https://www.sofascore.com/pt/football/player/jude-bellingham/991011,Real Madrid,170M €,29 de junho de 2003 (22),Passe; Passes longos; Armador,Disciplina,Midfielder,9,11.5,41,61,8,87.54,7.45,8,Jude Bellingham
https://www.sofascore.com/pt/football/player/lo-celso-giovani/798835,Real Betis,14.6M €,9 de abril de 1996 (29),Cobranças direta de falta; Passes longos; Passe,Sem pontos fracos notáveis,Midfielder,8,4.77,21,34,3,84.82,7.41,9,Giovani Lo Celso
https://www.sofascore.com/pt/football/player/rodrygo/910536,Real Madrid,85M €,9 de janeiro de 2001 (24),Passe; Posicionamento; Armador,Duelos aéreos,Forward,6,4.0,49,21,5,90.91,7.4,10,Rodrygo
https://www.sofascore.com/pt/football/player/joan-garcia/930267,Barcelona,26M €,4 de maio de 2001 (24),highClaims; Manuseio de bola; Reflexos,Sem pontos fracos notáveis,Goleiro,0,0.07,0,0,0,66.95,7.39,11,Joan García
https://www.sofascore.com/pt/football/player/luka-modric/15466,Milan,4.4M €,9 de setembro de 1985 (40),Passe; Passes longos; Consistência,Sem pontos fracos notáveis,Midfielder,2,1.55,14,31,6,91.33,7.38,12,Luka Modrić
https://www.sofascore.com/pt/football/player/vinicius-junior/868812,Real Madrid,156M €,12 de julho de 2000 (25),Armador; Passes longos; Alta pressão,Sem pontos fracos notáveis,Forward,11,10.69,82,21,8,79.03,7.37,13,Vinícius Júnior
https://www.sofascore.com/pt/football/player/dani-olmo/789071,Barcelona,58M €,7 de maio de 1998 (27),Armador; Passes longos,Sem pontos fracos notáveis,Midfielder,10,6.51,23,16,3,83.33,7.27,14,Dani Olmo
https://www.sofascore.com/pt/football/player/robert-lewandowski/41789,Barcelona,9.4M €,21 de agosto de 1988 (37),Posicionamento; Finalização; Marcador de pênalti,Controle de bola,Forward,27,27.11,20,10,2,74.66,7.27,15,Robert Lewandowski
https://www.sofascore.com/pt/football/player/iago-aspas/19356,Celta Vigo,1.9M €,1 de agosto de 1987 (38),Armador; Jogador âncora; Marcador de pênalti,Sem pontos fracos notáveis,Forward,10,8.71,15,13,5,76.69,7.25,16,Iago Aspas
https://www.sofascore.com/pt/football/player/sergio-herrera/294377,Osasuna,2.8M €,6 de maio de 1993 (32),Intercepção de lançamentos longos,Sem pontos fracos notáveis,Goleiro,0,,1,2,0,66.52,7.24,17,Sergio Herrera
https://www.sofascore.com/pt/football/player/arda-guler/1091116,Real Madrid,58M €,25 de fevereiro de 2005 (20),Passe; Armador; Passes longos,Sem pontos fracos notáveis,Midfielder,3,3.23,20,30,4,89.94,7.24,18,Arda Güler
https://www.sofascore.com/pt/football/player/julian-alvarez/944656,Atlético Madrid,97M €,31 de janeiro de 2000 (25),Cobranças direta de falta; Marcador de pênalti; Finalização,Duelos aéreos,Forward,17,14.22,34,25,4,78.52,7.24,19,Julián Alvarez
https://www.sofascore.com/pt/football/player/inigo-martinez/173883,Al-Nassr,5.2M €,17 de maio de 1991 (34),Passes longos; Duelos no chão,Sem pontos fracos notáveis,Defender,0,0.49,3,25,4,91.39,7.23,20,Iñigo Martínez
https://www.sofascore.com/pt/football/player/dani-raba/873947,Valencia,2.6M €,29 de outubro de 1995 (30),Alta pressão; Armador; Posicionamento,Sem pontos fracos notáveis,Forward,8,7.55,46,37,6,73.8,7.23,21,Dani Raba
https://www.sofascore.com/pt/football/player/ayoze-perez/345195,Villarreal,8.1M €,23 de julho de 1993 (32),Posicionamento,Duelos aéreos; Controle de bola,Forward,19,12.8,34,27,2,77.92,7.19,22,Ayoze Pérez
https://www.sofascore.com/pt/football/player/juan-foyth/873189,Villarreal,16.1M €,12 de janeiro de 1998 (27),Sem pontos fortes notáveis,Sem pontos fracos notáveis,Defender,1,2.39,4,25,0,87.54,7.19,23,Juan Foyth
https://www.sofascore.com/pt/football/player/antoine-griezmann/85859,Atlético Madrid,11.3M €,21 de março de 1991 (34),Jogador âncora; Passes longos; Passe,Sem pontos fracos notáveis,Forward,8,7.51,15,30,7,80.41,7.18,24,Antoine Griezmann
https://www.sofascore.com/pt/football/player/jules-kounde/827212,Barcelona,69M €,12 de novembro de 1998 (27),Sem pontos fortes notáveis,Sem pontos fracos notáveis,Defender,2,1.81,22,63,3,88.65,7.17,25,Jules Koundé
https://www.sofascore.com/pt/football/player/marcos-llorente/353138,Atlético Madrid,26M €,30 de janeiro de 1995 (30),Duelos no chão,Sem pontos fracos notáveis,Defender,2,0.77,14,69,4,87.9,7.17,26,Marcos Llorente
https://www.sofascore.com/pt/football/player/daniel-vivian/910978,Athletic Club,36M €,5 de julho de 1999 (26),Sem pontos fortes notáveis,Sem pontos fracos notáveis,Defender,4,1.92,10,40,0,87.41,7.16,27,Daniel Vivian
https://www.sofascore.com/pt/football/player/camavinga-eduardo/973887,Real Madrid,48M €,10 de novembro de 2002 (23),Duelos no chão; Passes longos; Desarme,Sem pontos fracos notáveis,Midfielder,1,0.44,15,42,2,88.96,7.16,28,Eduardo Camavinga
https://www.sofascore.com/pt/football/player/nayef-aguerd/877102,Olympique de Marseille,21M €,30 de março de 1996 (29),Duelos no chão,Sem pontos fracos notáveis,Defender,0,2.4,5,30,0,87.74,7.16,29,Nayef Aguerd
https://www.sofascore.com/pt/football/player/ante-budimir/37318,Osasuna,4.7M €,22 de julho de 1991 (34),Finalização; Marcador de pênalti; Posicionamento,Passe; Controle de bola,Forward,21,18.59,10,20,4,57.21,7.14,30,Ante Budimir
https://www.sofascore.com/pt/football/player/antonio-raillo/807116,Mallorca,1.9M €,8 de outubro de 1991 (34),Posicionamento,Disciplina,Defender,2,2.0,2,31,0,88.95,7.14,31,Antonio Raíllo
https://www.sofascore.com/pt/football/player/nahuel-tenaglia/896073,Deportivo Alavés,3.2M €,21 de fevereiro de 1996 (29),Duelos no chão; Desarme,Sem pontos fracos notáveis,Defender,2,2.19,17,96,1,74.41,7.14,32,Nahuel Tenaglia
https://www.sofascore.com/pt/football/player/dani-ceballos/547838,Real Madrid,8.4M €,7 de agosto de 1996 (29),Armador; Duelos no chão; Passes longos,Sem pontos fracos notáveis,Midfielder,0,0.35,8,41,0,95.11,7.13,33,Dani Ceballos
https://www.sofascore.com/pt/football/player/ruben-garcia/260031,Osasuna,2.1M €,14 de julho de 1993 (32),Cobranças direta de falta; Passes longos; Armador,Sem pontos fracos notáveis,Midfielder,5,3.05,12,52,5,79.72,7.13,34,Rubén García
https://www.sofascore.com/pt/football/player/rodrigo-de-paul/249399,Inter Miami CF,21M €,24 de maio de 1994 (31),Passes longos; Alta pressão; Armador,Sem pontos fracos notáveis,Midfielder,3,1.29,14,33,5,84.09,7.11,35,Rodrigo de Paul
https://www.sofascore.com/pt/football/player/sergio-gomez/855835,Real Sociedad,14.6M €,4 de setembro de 2000 (25),Cobranças direta de falta; Passe; Armador,Sem pontos fracos notáveis,Midfielder,2,1.89,22,71,5,84.56,7.11,36,Sergio Gómez
https://www.sofascore.com/pt/football/player/nicolas-pepe/593526,Villarreal,8.2M €,29 de maio de 1995 (30),Passe; Armador,Sem pontos fracos notáveis,Forward,3,3.94,27,22,6,83.45,7.11,37,Nicolas Pépé
https://www.sofascore.com/pt/football/player/thibaut-courtois/70988,Real Madrid,19.4M €,11 de maio de 1992 (33),Intercepção de lançamentos longos; Manuseio de bola,Sem pontos fracos notáveis,Goleiro,0,,0,0,0,80.26,7.11,38,Thibaut Courtois
https://www.sofascore.com/pt/football/player/marcos-alonso/69408,Celta Vigo,1.6M €,28 de dezembro de 1990 (34),Duelos no chão,Disciplina,Defender,3,3.97,16,35,0,90.47,7.11,39,Marcos Alonso
https://www.sofascore.com/pt/football/player/yeray-alvarez/807648,Athletic Club,2.6M €,24 de janeiro de 1995 (30),Sem pontos fortes notáveis,Sem pontos fracos notáveis,Defender,1,0.48,6,25,0,84.4,7.1,40,Yeray Álvarez
https://www.sofascore.com/pt/football/player/florian-lejeune/88528,Rayo Vallecano,2.4M €,20 de maio de 1991 (34),Sem pontos fortes notáveis,Sem pontos fracos notáveis,Defender,2,3.56,4,46,3,84.02,7.1,41,Florian Lejeune
https://www.sofascore.com/pt/football/player/luis-milla/811629,Getafe,3.6M €,7 de outubro de 1994 (31),Alta pressão; Armador; Duelos no chão,Sem pontos fracos notáveis,Midfielder,1,1.83,21,61,4,81.24,7.1,42,Luis Milla
https://www.sofascore.com/pt/football/player/aurelien-tchouameni/859025,Real Madrid,78M €,27 de janeiro de 2000 (25),Passes longos; Posicionamento; Duelos no chão,Sem pontos fracos notáveis,Midfielder,0,1.65,10,47,0,92.91,7.1,43,Aurélien Tchouaméni
https://www.sofascore.com/pt/football/player/clement-lenglet/580550,Atlético Madrid,7.8M €,17 de junho de 1995 (30),Sem pontos fortes notáveis,Disciplina,Defender,2,2.41,3,27,1,87.76,7.1,44,Clément Lenglet
https://www.sofascore.com/pt/football/player/oscar-mingueza/859773,Celta Vigo,18.7M €,13 de maio de 1999 (26),Armador,Sem pontos fracos notáveis,Midfielder,4,1.46,25,38,6,80.89,7.09,45,Óscar Mingueza
https://www.sofascore.com/pt/football/player/augusto-batalla/358910,Rayo Vallecano,5.8M €,30 de abril de 1996 (29),Reflexos; highClaims,Sem pontos fracos notáveis,Goleiro,0,,6,4,0,63.12,7.09,46,Augusto Batalla
https://www.sofascore.com/pt/football/player/dominik-greif/791046,Olympique Lyonnais,5.7M €,6 de abril de 1997 (28),Reflexos,Sem pontos fracos notáveis,Goleiro,0,,2,0,0,66.96,7.09,47,Dominik Greif
https://www.sofascore.com/pt/football/player/sergi-cardona/986245,Villarreal,9.5M €,18 de julho de 1999 (26),Sem pontos fortes notáveis,Passes longos,Defender,1,2.46,10,71,7,79.98,7.08,48,Sergi Cardona
https://www.sofascore.com/pt/football/player/ferran-torres/855833,Barcelona,54M €,29 de fevereiro de 2000 (25),Sem pontos fortes notáveis,Sem pontos fracos notáveis,Forward,10,7.95,11,8,6,77.58,7.08,49,Ferran Torres
https://www.sofascore.com/pt/football/player/viktor-tsygankov/319735,Girona FC,15.7M €,15 de novembro de 1997 (27),Armador,Sem pontos fracos notáveis,Midfielder,2,2.81,15,19,5,81.67,7.07,50,Viktor Tsygankov
https://www.sofascore.com/pt/football/player/kubo-takefusa/880218,Real Sociedad,31M €,4 de junho de 2001 (24),Alta pressão; Armador,Sem pontos fracos notáveis,Midfielder,5,3.56,75,31,0,77.03,7.07,51,Takefusa Kubo
https://www.sofascore.com/pt/football/player/unai-simon/797291,Athletic Club,27M €,11 de junho de 1997 (28),Defende pênalti; Reflexos; Saídas do gol,Sem pontos fracos notáveis,Goleiro,0,,0,0,0,65.83,7.07,52,Unai Simón
https://www.sofascore.com/pt/football/player/alejandro-catena/900792,Osasuna,3.1M €,28 de outubro de 1994 (31),Sem pontos fortes notáveis,Disciplina,Defender,1,2.27,8,46,3,84.17,7.07,53,Alejandro Catena
https://www.sofascore.com/pt/football/player/dodi-lukebakio/823631,Benfica,18.8M €,24 de setembro de 1997 (28),Armador,Controle de bola,Midfielder,11,10.02,84,22,2,81.73,7.06,54,Dodi Lukebakio
https://www.sofascore.com/pt/football/player/santi-comesana/843678,Villarreal,8.4M €,5 de outubro de 1996 (29),Sem pontos fortes notáveis,Sem pontos fracos notáveis,Midfielder,4,4.67,18,85,2,85.63,7.06,55,Santi Comesaña
https://www.sofascore.com/pt/football/player/joan-jordan/591750,Sevilla,2.4M €,6 de julho de 1994 (31),Sem pontos fortes notáveis,Sem pontos fracos notáveis,Midfielder,5,4.78,6,32,2,81.82,7.06,56,Joan Jordán
https://www.sofascore.com/pt/football/player/pape-gueye/879694,Villarreal,24M €,24 de janeiro de 1999 (26),Duelos no chão; Finalizações de longe; Alta pressão,Sem pontos fracos notáveis,Midfielder,4,3.31,11,54,0,81.55,7.05,57,Pape Gueye
https://www.sofascore.com/pt/football/player/lucas-vazquez/255239,Bayer 04 Leverkusen,3.2M €,1 de julho de 1991 (34),Duelos no chão,Sem pontos fracos notáveis,Defender,1,1.44,19,58,5,89.89,7.05,58,Lucas Vázquez
https://www.sofascore.com/pt/football/player/marc-bartra/99519,Real Betis,1M €,15 de janeiro de 1991 (34),Posicionamento; Duelos no chão,Sem pontos fracos notáveis,Defender,2,1.19,7,33,1,81.74,7.05,59,Marc Bartra
https://www.sofascore.com/pt/football/player/kike-garcia/84972,Espanyol,930K €,25 de novembro de 1989 (35),Alta pressão,Controle de bola; Passe,Forward,13,9.84,13,19,0,66.9,7.05,60,Kike García
https://www.sofascore.com/pt/football/player/jan-oblak/69768,Atlético Madrid,21M €,7 de janeiro de 1993 (32),Manuseio de bola; Reflexos,Sem pontos fracos notáveis,Goleiro,0,,2,0,0,76.31,7.04,61,Jan Oblak
https://www.sofascore.com/pt/football/player/alvaro-garcia/345111,Rayo Vallecano,1.9M €,27 de outubro de 1992 (33),Alta pressão,Controle de bola; Passe; Duelos aéreos,Midfielder,4,7.67,10,33,5,71.25,7.04,62,Álvaro García
https://www.sofascore.com/pt/football/player/oihan-sancet/966801,Athletic Club,58M €,25 de abril de 2000 (25),Alta pressão; Passe,Controle de bola,Midfielder,15,9.73,24,13,1,83.82,7.04,63,Oihan Sancet
https://www.sofascore.com/pt/football/player/fabio-silva/954076,Borussia Dortmund,27M €,19 de julho de 2002 (23),Jogador âncora,Passe; Controle de bola,Forward,10,8.8,21,12,3,68.56,7.04,64,Fábio Silva
https://www.sofascore.com/pt/football/player/sergi-darder/110783,Mallorca,3.7M €,22 de dezembro de 1993 (31),Armador,Sem pontos fracos notáveis,Midfielder,2,2.21,34,40,6,81.43,7.04,65,Sergi Darder
https://www.sofascore.com/pt/football/player/daley-blind/44864,Girona FC,1.6M €,9 de março de 1990 (35),Duelos no chão,Sem pontos fracos notáveis,Defender,0,0.48,15,49,2,90.2,7.04,66,Daley Blind
https://www.sofascore.com/pt/football/player/marc-casado/1000483,Barcelona,29M €,14 de setembro de 2003 (22),Duelos no chão,Sem pontos fracos notáveis,Midfielder,1,1.06,4,44,3,89.89,7.03,67,Marc Casadó
https://www.sofascore.com/pt/football/player/fran-garcia/851271,Real Madrid,16.6M €,14 de agosto de 1999 (26),Duelos no chão,Sem pontos fracos notáveis,Defender,0,0.87,8,51,2,88.96,7.03,68,Fran García
https://www.sofascore.com/pt/football/player/antonio-rudiger/142622,Real Madrid,15.5M €,3 de março de 1993 (32),Sem pontos fortes notáveis,Sem pontos fracos notáveis,Defender,0,1.72,3,20,0,92.22,7.03,69,Antonio Rüdiger
https://www.sofascore.com/pt/football/player/inaki-williams/783374,Athletic Club,13.7M €,15 de junho de 1994 (31),Sem pontos fortes notáveis,Controle de bola,Midfielder,6,7.39,33,17,8,70.49,7.03,70,Iñaki Williams
https://www.sofascore.com/pt/football/player/dani-parejo/39182,Villarreal,1.5M €,16 de abril de 1989 (36),Passes longos; Duelos no chão,Sem pontos fracos notáveis,Midfielder,3,2.5,8,52,3,88.98,7.03,71,Dani Parejo
https://www.sofascore.com/pt/football/player/omar-alderete/805137,Sunderland,10.6M €,26 de dezembro de 1996 (28),Duelos no chão,Sem pontos fracos notáveis,Defender,1,1.72,18,43,0,66.36,7.03,72,Omar Alderete
https://www.sofascore.com/pt/football/player/miguel-gutierrez/908716,Napoli,22M €,27 de julho de 2001 (24),Sem pontos fortes notáveis,Sem pontos fracos notáveis,Defender,1,1.64,29,37,5,88.36,7.03,73,Miguel Gutiérrez
https://www.sofascore.com/pt/football/player/antonio-sivera/369004,Deportivo Alavés,5.6M €,11 de agosto de 1996 (29),highClaims,Sem pontos fracos notáveis,Goleiro,0,,0,2,0,51.12,7.02,74,Antonio Sivera
https://www.sofascore.com/pt/football/player/fermin-lopez/1153270,Barcelona,62M €,11 de maio de 2003 (22),Alta pressão; Passe; Passes longos,Duelos aéreos,Midfielder,6,5.67,25,19,5,86.15,7.02,75,Fermín López
https://www.sofascore.com/pt/football/player/jasper-cillessen/123865,NEC Nijmegen,460K €,22 de abril de 1989 (36),Defende pênalti; Intercepção de lançamentos longos,Sem pontos fracos notáveis,Goleiro,0,,0,1,0,63.36,7.02,76,Jasper Cillessen
https://www.sofascore.com/pt/football/player/martin-zubimendi/966837,Arsenal,72M €,2 de fevereiro de 1999 (26),Posicionamento; Passes longos,Sem pontos fracos notáveis,Midfielder,2,2.78,19,73,1,84.42,7.02,77,Martín Zubimendi
https://www.sofascore.com/pt/football/player/frenkie-de-jong/795222,Barcelona,42M €,12 de maio de 1997 (28),Armador; Duelos no chão; Passes longos,Sem pontos fracos notáveis,Midfielder,2,0.66,5,19,2,95.08,7.02,78,Frenkie de Jong
https://www.sofascore.com/pt/football/player/david-soria/604258,Getafe,2.9M €,4 de abril de 1993 (32),Sem pontos fortes notáveis,Sem pontos fracos notáveis,Goleiro,0,,0,4,0,46.76,7.01,79,David Soria
https://www.sofascore.com/pt/football/player/diego-llorente/305278,Real Betis,5.2M €,16 de agosto de 1993 (32),Duelos no chão,Sem pontos fracos notáveis,Defender,2,1.5,6,36,0,86.89,7.01,80,Diego Llorente
https://www.sofascore.com/pt/football/player/alexander-sorloth/309078,Atlético Madrid,26M €,5 de dezembro de 1995 (29),Duelos aéreos; Finalização; Posicionamento,Controle de bola,Forward,20,17.02,14,9,2,65.52,7.01,81,Alexander Sørloth
https://www.sofascore.com/pt/football/player/marko-dmitrovic/94527,Espanyol,740K €,24 de janeiro de 1992 (33),highClaims,Sem pontos fracos notáveis,Goleiro,0,,1,1,0,38.37,7.01,82,Marko Dmitrović
https://www.sofascore.com/pt/football/player/yangel-herrera/839585,Real Sociedad,10.3M €,7 de janeiro de 1998 (27),Posicionamento,Disciplina,Midfielder,4,3.61,19,66,3,84.43,7.0,83,Yangel Herrera
https://www.sofascore.com/pt/football/player/leandro-cabrera/81992,Espanyol,1M €,17 de junho de 1991 (34),Duelos aéreos,Sem pontos fracos notáveis,Defender,4,1.18,1,40,2,76.53,7.0,84,Leandro Cabrera
https://www.sofascore.com/pt/football/player/alex-berenguer/592012,Athletic Club,9.3M €,4 de julho de 1995 (30),Armador; Alta pressão,Duelos aéreos,Midfielder,6,6.75,33,32,7,77.06,7.0,85,Álex Berenguer
https://www.sofascore.com/pt/football/player/pepelu/826948,Valencia,6.8M €,11 de agosto de 1998 (27),Duelos no chão; Posicionamento; Marcador de pênalti,Sem pontos fracos notáveis,Midfielder,2,2.08,8,43,2,84.12,7.0,86,Pepelu
https://www.sofascore.com/pt/football/player/kirian-rodriguez/964985,Las Palmas,1M €,5 de março de 1996 (29),Armador; Duelos no chão,Sem pontos fracos notáveis,Midfielder,0,1.56,11,33,3,86.83,7.0,87,Kirian Rodríguez
https://www.sofascore.com/pt/football/player/edu-exposito/877262,Espanyol,3.6M €,1 de agosto de 1996 (29),Armador,Sem pontos fracos notáveis,Midfielder,0,1.07,15,23,2,72.4,7.0,88,Edu Expósito
https://www.sofascore.com/pt/football/player/aimar-oroz/985329,Osasuna,13.7M €,27 de novembro de 2001 (23),Passe; Passes longos; Alta pressão,Sem pontos fracos notáveis,Midfielder,5,4.16,49,35,4,83.98,6.99,89,Aimar Oroz
https://www.sofascore.com/pt/football/player/jose-maria-gimenez/325355,Atlético Madrid,14.4M €,20 de janeiro de 1995 (30),Sem pontos fortes notáveis,Sem pontos fracos notáveis,Defender,0,0.45,2,26,1,91.81,6.99,90,José María Giménez
https://www.sofascore.com/pt/football/player/jose-luis-gaya/227922,Valencia,6.5M €,25 de maio de 1995 (30),Desarme,Disciplina,Defender,0,1.02,7,57,1,81.91,6.99,91,José Luis Gayà
https://www.sofascore.com/pt/football/player/eric-garcia/876214,Barcelona,24M €,9 de janeiro de 2001 (24),Duelos no chão,Sem pontos fracos notáveis,Defender,2,2.32,5,38,3,92.39,6.99,92,Eric García
https://www.sofascore.com/pt/football/player/pablo-fornals/816763,Real Betis,6.3M €,22 de fevereiro de 1996 (29),Alta pressão; Passes longos; Passe,Sem pontos fracos notáveis,Midfielder,2,1.84,7,21,0,82.88,6.99,93,Pablo Fornals
https://www.sofascore.com/pt/football/player/jorge-saenz/592098,Leganés,1.4M €,17 de novembro de 1996 (28),Duelos no chão; Posicionamento,Sem pontos fracos notáveis,Defender,1,1.36,4,37,0,83.89,6.99,94,Jorge Sáenz
https://www.sofascore.com/pt/football/player/diego-rico/350560,Getafe,1.2M €,23 de fevereiro de 1993 (32),Duelos no chão,Passes longos; Disciplina; Passe,Defender,0,0.35,6,81,3,69.42,6.98,95,Diego Rico
https://www.sofascore.com/pt/football/player/raul-asencio/1156645,Real Madrid,27M €,13 de fevereiro de 2003 (22),Duelos no chão,Sem pontos fracos notáveis,Defender,0,0.12,6,22,1,93.87,6.98,96,Raúl Asencio
https://www.sofascore.com/pt/football/player/bryan-gil/910026,Girona FC,12.4M €,11 de fevereiro de 2001 (24),Passe; Alta pressão,Sem pontos fracos notáveis,Midfielder,3,2.26,41,34,3,89.67,6.98,97,Bryan Gil
https://www.sofascore.com/pt/football/player/thierno-barry/1395746,Everton,31M €,21 de outubro de 2002 (23),Sem pontos fortes notáveis,Passe; Controle de bola,Forward,11,12.41,18,11,4,62.35,6.98,98,Thierno Barry
https://www.sofascore.com/pt/football/player/pablo-maffeo/788216,Mallorca,4.8M €,12 de julho de 1997 (28),Desarme; Duelos no chão,Passes longos,Defender,0,0.27,41,60,2,76.18,6.98,99,Pablo Maffeo
https://www.sofascore.com/pt/football/player/santiago-mourino/1468046,Villarreal,9.7M €,13 de fevereiro de 2002 (23),Desarme; Duelos no chão,Disciplina,Defender,0,0.93,4,43,1,78.52,6.97,100,Santiago Mouriño
https://www.sofascore.com/pt/football/player/enzo-barrenechea/1087316,Benfica,12M €,22 de maio de 2001 (24),Posicionamento; Duelos no chão; Passes longos,Sem pontos fracos notáveis,Midfielder,1,1.27,11,57,2,87.04,6.97,101,Enzo Barrenechea
https://www.sofascore.com/pt/football/player/carl-starfelt/360718,Celta Vigo,5.5M €,1 de junho de 1995 (30),Duelos no chão,Sem pontos fracos notáveis,Defender,1,0.5,1,40,0,93.67,6.97,102,Carl Starfelt
https://www.sofascore.com/pt/football/player/sandro-ramirez/188407,Las Palmas,1.4M €,9 de julho de 1995 (30),Sem pontos fortes notáveis,Sem pontos fracos notáveis,Midfielder,9,4.06,16,27,3,74.08,6.97,103,Sandro Ramírez
https://www.sofascore.com/pt/football/player/alex-remiro/791773,Real Sociedad,16M €,24 de março de 1995 (30),Intercepção de lançamentos longos,Sem pontos fracos notáveis,Goleiro,0,,0,1,0,72.02,6.97,104,Álex Remiro
https://www.sofascore.com/pt/football/player/saul-niguez/116955,Flamengo,2.8M €,21 de novembro de 1994 (30),Sem pontos fortes notáveis,Sem pontos fracos notáveis,Midfielder,1,2.85,12,47,6,80.31,6.97,105,Saúl Ñíguez
https://www.sofascore.com/pt/football/player/yuri-berchiche/84531,Athletic Club,1.3M €,10 de fevereiro de 1990 (35),Duelos no chão,Sem pontos fracos notáveis,Defender,0,0.56,6,33,2,85.45,6.96,106,Yuri Berchiche
https://www.sofascore.com/pt/football/player/luis-rioja/900433,Valencia,2.1M €,16 de outubro de 1993 (32),Alta pressão,Sem pontos fracos notáveis,Midfielder,5,3.24,42,35,3,77.23,6.96,107,Luis Rioja
https://www.sofascore.com/pt/football/player/samuel-lino/874705,Flamengo,23M €,23 de dezembro de 1999 (25),Passes longos,Sem pontos fracos notáveis,Midfielder,3,5.94,27,33,4,82.01,6.96,108,Samuel Lino
https://www.sofascore.com/pt/football/player/martin-valjent/300522,Mallorca,5.3M €,11 de dezembro de 1995 (29),Duelos no chão,Sem pontos fracos notáveis,Defender,3,0.81,6,30,0,86.8,6.96,109,Martin Valjent
https://www.sofascore.com/pt/football/player/lucien-agoume/960006,Sevilla,8.2M €,9 de fevereiro de 2002 (23),Posicionamento; Desarme,Sem pontos fracos notáveis,Midfielder,1,0.87,22,70,3,82.89,6.95,110,Lucien Agoumé
https://www.sofascore.com/pt/football/player/isi-palazon/899982,Rayo Vallecano,3.8M €,27 de dezembro de 1994 (30),Alta pressão; Armador,Sem pontos fracos notáveis,Midfielder,4,4.62,25,22,4,83.33,6.95,111,Isi Palazón
https://www.sofascore.com/pt/football/player/pau-cubarsi/1402913,Barcelona,75M €,22 de janeiro de 2007 (18),Duelos no chão,Sem pontos fracos notáveis,Defender,0,0.83,6,34,3,93.63,6.95,112,Pau Cubarsí
https://www.sofascore.com/pt/football/player/johnny/990169,Atlético Madrid,23M €,20 de setembro de 2001 (24),Passes longos; Posicionamento,Sem pontos fracos notáveis,Midfielder,3,2.03,26,55,1,86.04,6.95,113,Johnny Cardoso
https://www.sofascore.com/pt/football/player/andrei-ratiu/965031,Rayo Vallecano,11.1M €,20 de junho de 1998 (27),Sem pontos fortes notáveis,Duelos aéreos,Defender,2,1.83,76,71,3,84.15,6.95,114,Andrei Rațiu
https://www.sofascore.com/pt/football/player/kike-salas/1097719,Sevilla,8.8M €,22 de abril de 2002 (23),Posicionamento; Duelos no chão,Passes longos,Defender,3,1.91,3,47,2,79.64,6.95,115,Kike Salas
https://www.sofascore.com/pt/football/player/yeremy-pino/984624,Crystal Palace,27M €,20 de outubro de 2002 (23),Armador,Sem pontos fracos notáveis,Midfielder,4,3.97,25,60,7,77.52,6.94,116,Yéremy Pino
https://www.sofascore.com/pt/football/player/vicente-carlos/1084399,Deportivo Alavés,10.6M €,23 de abril de 1999 (26),Alta pressão; Armador,Controle de bola,Midfielder,5,3.48,34,47,5,74.51,6.94,117,Carlos Vicente
https://www.sofascore.com/pt/football/player/vedat-muriqi/310874,Mallorca,4.8M €,24 de abril de 1994 (31),Jogador âncora; Posicionamento,Controle de bola; Passe; Disciplina,Forward,7,9.83,9,7,2,61.95,6.93,118,Vedat Muriqi
https://www.sofascore.com/pt/football/player/nico-williams/1085400,Athletic Club,76M €,12 de julho de 2002 (23),Alta pressão; Armador,Controle de bola,Midfielder,5,4.16,68,28,5,79.17,6.93,119,Nico Williams
https://www.sofascore.com/pt/football/player/arnau-martinez/1084081,Girona FC,10.8M €,25 de abril de 2003 (22),Duelos no chão,Sem pontos fracos notáveis,Defender,2,1.25,20,51,2,88.14,6.93,120,Arnau Martínez
https://www.sofascore.com/pt/football/player/dani-rodriguez/349526,Mallorca,105K €,6 de junho de 1988 (37),Sem pontos fortes notáveis,Controle de bola,Midfielder,4,2.76,16,49,7,77.66,6.93,121,Dani Rodríguez
https://www.sofascore.com/pt/football/player/marash-kumbulla/893642,Mallorca,6.9M €,8 de fevereiro de 2000 (25),Duelos no chão,Sem pontos fracos notáveis,Defender,3,1.85,4,51,0,84.86,6.93,122,Marash Kumbulla
https://www.sofascore.com/pt/football/player/omar-el-hilali/1064026,Espanyol,15.9M €,12 de setembro de 2003 (22),Desarme; Duelos no chão,Sem pontos fracos notáveis,Defender,0,0.03,17,111,2,80.64,6.93,123,Omar El Hilali
https://www.sofascore.com/pt/football/player/mikel-jauregizar/1495844,Athletic Club,31M €,13 de novembro de 2003 (21),Passes longos; Alta pressão,Sem pontos fracos notáveis,Midfielder,2,1.08,20,84,1,82.46,6.93,124,Mikel Jauregizar
https://www.sofascore.com/pt/football/player/inigo-ruiz-de-galarreta/96365,Athletic Club,2.8M €,6 de agosto de 1993 (32),Passe; Alta pressão,Sem pontos fracos notáveis,Midfielder,0,0.51,16,36,4,83.46,6.93,125,Iñigo Ruiz de Galarreta
https://www.sofascore.com/pt/football/player/ivan-sanchez/142018,Sepahan S.C.,580K €,23 de setembro de 1992 (33),Passes longos; Passe; Duelos no chão,Sem pontos fracos notáveis,Midfielder,2,0.65,28,37,1,84.21,6.93,126,Iván Sánchez
https://www.sofascore.com/pt/football/player/alejandro-balde/997035,Barcelona,66M €,18 de outubro de 2003 (22),Sem pontos fortes notáveis,Sem pontos fracos notáveis,Defender,0,0.48,46,18,4,91.21,6.93,127,Alejandro Balde
https://www.sofascore.com/pt/football/player/bryan-zaragoza/1084730,Celta Vigo,11.2M €,9 de setembro de 2001 (24),Sem pontos fortes notáveis,Sem pontos fracos notáveis,Forward,1,2.7,57,13,6,72.62,6.92,128,Bryan Zaragoza
https://www.sofascore.com/pt/football/player/paulo-gazzaniga/164343,Girona FC,2.6M €,2 de janeiro de 1992 (33),Defende pênalti,Sem pontos fracos notáveis,Goleiro,0,,3,1,0,78.2,6.92,129,Paulo Gazzaniga
https://www.sofascore.com/pt/football/player/ilaix-moriba/962890,Celta Vigo,5.5M €,19 de janeiro de 2003 (22),Duelos no chão; Desarme,Sem pontos fracos notáveis,Midfielder,1,1.72,15,68,1,86.29,6.92,130,Ilaix Moriba
https://www.sofascore.com/pt/football/player/gavi/1103693,Barcelona,41M €,5 de agosto de 2004 (21),Passe,Sem pontos fracos notáveis,Midfielder,1,0.88,9,30,1,90.99,6.92,131,Pablo Gavi
https://www.sofascore.com/pt/football/player/mauro-arambarri/385888,Getafe,12.4M €,30 de setembro de 1995 (30),Posicionamento,Sem pontos fracos notáveis,Midfielder,10,8.23,18,48,0,74.68,6.92,132,Mauro Arambarri
https://www.sofascore.com/pt/football/player/carles-alena/794937,Deportivo Alavés,2.8M €,5 de janeiro de 1998 (27),Sem pontos fortes notáveis,Sem pontos fracos notáveis,Midfielder,0,1.62,15,25,2,79.78,6.92,133,Carles Aleñá
https://www.sofascore.com/pt/football/player/abdessamad-ezzalzouli/1011375,Real Betis,12.8M €,17 de dezembro de 2001 (23),Alta pressão,Sem pontos fracos notáveis,Midfielder,2,7.79,46,37,2,75.98,6.92,134,Abdessamad Ezzalzouli
https://www.sofascore.com/pt/football/player/andre-almeida/845693,Valencia,10.3M €,30 de maio de 2000 (25),Passe; Passes longos; Armador,Sem pontos fracos notáveis,Midfielder,0,1.21,22,48,4,88.62,6.91,135,André Almeida
https://www.sofascore.com/pt/football/player/carlos-dominguez/1069703,Celta Vigo,2.9M €,11 de fevereiro de 2001 (24),Duelos no chão,Passes longos,Defender,0,0.21,2,23,0,88.77,6.91,136,Carlos Domínguez
https://www.sofascore.com/pt/football/player/josep-chavarria/1010421,Rayo Vallecano,7.3M €,10 de abril de 1998 (27),Duelos no chão,Sem pontos fracos notáveis,Defender,0,1.17,10,46,1,82.06,6.91,137,Josep Chavarría
https://www.sofascore.com/pt/football/player/giuliano-simeone/1099352,Atlético Madrid,38M €,18 de dezembro de 2002 (22),Sem pontos fortes notáveis,Sem pontos fracos notáveis,Midfielder,2,2.2,30,27,6,78.8,6.91,138,Giuliano Simeone
https://www.sofascore.com/pt/football/player/diego-conde/951008,Villarreal,5.3M €,28 de outubro de 1998 (27),Reflexos,Sem pontos fracos notáveis,Goleiro,0,,0,2,1,77.46,6.91,139,Diego Conde
https://www.sofascore.com/pt/football/player/pablo-barrios/1142588,Atlético Madrid,60M €,15 de junho de 2003 (22),Duelos no chão,Sem pontos fracos notáveis,Midfielder,1,1.29,25,46,4,87.27,6.91,140,Pablo Barrios
https://www.sofascore.com/pt/football/player/carlos-romero/1396048,Espanyol,9.7M €,29 de outubro de 2001 (24),Sem pontos fortes notáveis,Sem pontos fracos notáveis,Defender,2,1.99,22,73,1,75.86,6.91,141,Carlos Romero
https://www.sofascore.com/pt/football/player/manu-morlanes/826004,Mallorca,2.3M €,12 de janeiro de 1999 (26),Duelos no chão,Sem pontos fracos notáveis,Midfielder,0,0.57,3,44,0,89.64,6.9,142,Manu Morlanes
https://www.sofascore.com/pt/football/player/chidera-ejuke/875890,Sevilla,3.7M €,2 de janeiro de 1998 (27),Passes longos; Passe,Sem pontos fracos notáveis,Midfielder,2,1.08,47,19,1,84.15,6.9,143,Chidera Ejuke
https://www.sofascore.com/pt/football/player/lucas-torro/187313,Osasuna,3.3M €,19 de julho de 1994 (31),Alta pressão; Posicionamento; Duelos aéreos,Sem pontos fracos notáveis,Midfielder,3,2.33,6,74,0,75.78,6.9,144,Lucas Torró
https://www.sofascore.com/pt/football/player/juan-cruz/936234,Leganés,3.8M €,25 de abril de 2000 (25),Sem pontos fortes notáveis,Passes longos,Midfielder,5,2.62,40,32,4,74.55,6.9,145,Juan Cruz
https://www.sofascore.com/pt/football/player/alfon-gonzalez/1468090,Sevilla,5.5M €,4 de maio de 1999 (26),Alta pressão,Sem pontos fracos notáveis,Forward,5,4.61,25,8,2,77.04,6.9,146,Alfon González
https://www.sofascore.com/pt/football/player/djibril-sow/799054,Sevilla,7.1M €,6 de fevereiro de 1997 (28),Passes longos; Duelos no chão,Sem pontos fracos notáveis,Midfielder,2,2.37,10,25,1,89.61,6.9,147,Djibril Sow
https://www.sofascore.com/pt/football/player/boyomo-flavien/1067582,Osasuna,19.4M €,7 de outubro de 2001 (24),Desarme; Duelos no chão,Sem pontos fracos notáveis,Defender,2,1.5,10,74,0,87.64,6.9,148,Flavien Boyomo
https://www.sofascore.com/pt/football/player/david-lopez/135116,Girona FC,820K €,9 de outubro de 1989 (36),Sem pontos fortes notáveis,Sem pontos fracos notáveis,Defender,1,0.87,6,32,1,92.35,6.9,149,David López
https://www.sofascore.com/pt/football/player/robin-le-normand/787751,Atlético Madrid,33M €,11 de novembro de 1996 (29),Duelos no chão,Disciplina,Defender,1,1.39,2,27,0,90.56,6.9,150,Robin Le Normand
https://www.sofascore.com/pt/football/player/sergi-altimira/1137814,Real Betis,19.3M €,25 de agosto de 2001 (24),Passes longos; Duelos no chão,Sem pontos fracos notáveis,Midfielder,0,1.75,16,61,1,89.67,6.9,151,Sergi Altimira
https://www.sofascore.com/pt/football/player/jon-moncayola/976141,Osasuna,7.3M €,13 de maio de 1998 (27),Sem pontos fortes notáveis,Sem pontos fracos notáveis,Midfielder,0,1.68,4,70,0,80.21,6.9,152,Jon Moncayola
https://www.sofascore.com/pt/football/player/vicente-guaita/32023,,,10 de janeiro de 1987 (38),Sem pontos fortes notáveis,Sem pontos fracos notáveis,Goleiro,0,,0,0,0,77.94,6.9,153,Vicente Guaita
https://www.sofascore.com/pt/football/player/oscar-de-marcos/52663,,,14 de abril de 1989 (36),,,Defender,0,1.0,4,32,4,79.31,6.9,154,Óscar de Marcos
https://www.sofascore.com/pt/football/player/cesar-tarrega/996928,Valencia,15.5M €,26 de fevereiro de 2002 (23),Sem pontos fortes notáveis,Sem pontos fracos notáveis,Defender,2,2.03,11,50,0,84.7,6.89,155,César Tárrega
https://www.sofascore.com/pt/football/player/giorgi-mamardashvili/930997,Liverpool,29M €,29 de setembro de 2000 (25),Defende pênalti,Sem pontos fracos notáveis,Goleiro,0,,0,2,0,63.88,6.89,156,Giorgi Mamardashvili
https://www.sofascore.com/pt/football/player/karl-hein/991591,SV Werder Bremen,2.9M €,13 de abril de 2002 (23),Sem pontos fortes notáveis,Sem pontos fracos notáveis,Goleiro,0,,0,0,0,70.17,6.89,157,Karl Hein
https://www.sofascore.com/pt/football/player/ladislav-krejci/856250,Wolverhampton,21M €,20 de abril de 1999 (26),Sem pontos fortes notáveis,Disciplina,Defender,2,1.66,7,23,0,90.47,6.89,158,Ladislav Krejčí
https://www.sofascore.com/pt/football/player/yaser-asprilla/1092769,Girona FC,16.1M €,19 de novembro de 2003 (21),Passes longos,Sem pontos fracos notáveis,Midfielder,3,2.06,29,22,1,80.7,6.89,159,Yáser Asprilla
https://www.sofascore.com/pt/football/player/abdul-mumin/846147,Rayo Vallecano,5.3M €,6 de junho de 1998 (27),Sem pontos fortes notáveis,Sem pontos fracos notáveis,Defender,2,0.61,5,37,1,83.63,6.89,160,Abdul Mumin
https://www.sofascore.com/pt/football/player/alvaro-rodriguez/1154587,Elche,3.6M €,14 de julho de 2004 (21),Sem pontos fortes notáveis,Sem pontos fracos notáveis,Forward,2,1.23,16,10,0,47.6,6.89,161,Álvaro Rodriguez
https://www.sofascore.com/pt/football/player/andoni-gorosabel/866810,Athletic Club,4.9M €,4 de agosto de 1996 (29),Sem pontos fortes notáveis,Sem pontos fracos notáveis,Defender,0,0.33,7,47,2,83.71,6.89,162,Andoni Gorosabel
https://www.sofascore.com/pt/football/player/luka-sucic/949156,Real Sociedad,13M €,8 de setembro de 2002 (23),Alta pressão,Sem pontos fracos notáveis,Midfielder,1,3.24,25,25,1,84.48,6.89,163,Luka Sučić
https://www.sofascore.com/pt/football/player/kiko-femenia/53739,Getafe,950K €,2 de fevereiro de 1991 (34),Sem pontos fortes notáveis,Sem pontos fracos notáveis,Defender,0,0.36,17,50,1,90.43,6.89,164,Kiko Femenía
https://www.sofascore.com/pt/football/player/dario-essugo/1110006,Chelsea,18.6M €,14 de março de 2005 (20),Posicionamento; Duelos no chão,Disciplina,Midfielder,1,0.68,12,59,0,85.64,6.89,165,Dário Essugo
https://www.sofascore.com/pt/football/player/christantus-uche/1884145,Crystal Palace,16.5M €,19 de maio de 2003 (22),Alta pressão,Passe; Controle de bola; Disciplina,Forward,4,3.73,32,35,6,67.49,6.89,166,Christantus Uche
https://www.sofascore.com/pt/football/player/valentin-rosier/842419,Osasuna,3.1M €,19 de agosto de 1996 (29),Sem pontos fortes notáveis,Passes longos; Disciplina,Defender,1,0.91,23,72,2,80.63,6.89,167,Valentin Rosier
https://www.sofascore.com/pt/football/player/brahim-diaz/835485,Real Madrid,42M €,3 de agosto de 1999 (26),Passes longos; Armador; Passe,Sem pontos fracos notáveis,Midfielder,4,5.51,24,25,2,88.4,6.89,168,Brahim Díaz
https://www.sofascore.com/pt/football/player/javi-rodriguez/1526627,Celta Vigo,14.6M €,26 de junho de 2003 (22),Duelos no chão,Sem pontos fracos notáveis,Defender,3,2.37,10,53,2,86.81,6.89,169,Javi Rodríguez
https://www.sofascore.com/pt/football/player/koke/84539,Atlético Madrid,7.3M €,8 de janeiro de 1992 (33),Armador; Passes longos,Sem pontos fracos notáveis,Midfielder,1,1.09,9,46,1,89.15,6.88,170,Koke
https://www.sofascore.com/pt/football/player/roberto-fernandez/1392592,Espanyol,5.4M €,3 de julho de 2002 (23),Jogador âncora,Sem pontos fracos notáveis,Forward,6,3.47,11,4,0,72.76,6.88,171,Roberto Fernández
https://www.sofascore.com/pt/football/player/adrian/50539,Real Betis,515K €,3 de janeiro de 1987 (38),Sem pontos fortes notáveis,Sem pontos fracos notáveis,Goleiro,0,,0,0,0,73.33,6.88,172,Adrián
https://www.sofascore.com/pt/football/player/hugo-duro/909119,Valencia,15.5M €,10 de novembro de 1999 (26),Jogador âncora,Controle de bola,Forward,11,9.37,7,13,2,70.41,6.88,173,Hugo Duro
https://www.sofascore.com/pt/football/player/jose-angel-carmona/1015240,Sevilla,11.1M €,29 de janeiro de 2002 (23),Sem pontos fortes notáveis,Sem pontos fracos notáveis,Defender,0,0.53,19,83,0,82.07,6.88,174,José Ángel Carmona
https://www.sofascore.com/pt/football/player/jose-copete/913695,Valencia,3.6M €,10 de outubro de 1999 (26),Duelos no chão,Sem pontos fracos notáveis,Defender,0,0.46,4,29,0,84.17,6.88,175,José Copete
https://www.sofascore.com/pt/football/player/toni-martinez/831253,Deportivo Alavés,2.9M €,30 de junho de 1997 (28),Sem pontos fortes notáveis,Sem pontos fracos notáveis,Forward,4,3.86,9,12,0,60.26,6.88,176,Toni Martínez
https://www.sofascore.com/pt/football/player/ramon-terrats/1088565,Espanyol,4.3M €,18 de outubro de 2000 (25),Sem pontos fortes notáveis,Sem pontos fracos notáveis,Midfielder,4,2.13,26,23,1,73.18,6.88,177,Ramón Terrats
https://www.sofascore.com/pt/football/player/manuel-fuster/916654,Las Palmas,1.6M €,22 de outubro de 1997 (28),Armador; Passes longos,Sem pontos fracos notáveis,Midfielder,2,0.73,5,19,1,83.7,6.88,178,Manuel Fuster
https://www.sofascore.com/pt/football/player/conor-gallagher/904970,Atlético Madrid,39M €,6 de fevereiro de 2000 (25),Alta pressão; Passes longos,Sem pontos fracos notáveis,Midfielder,3,2.77,17,45,3,86.59,6.87,179,Conor Gallagher
https://www.sofascore.com/pt/football/player/javi-puado/891511,Espanyol,9.3M €,25 de maio de 1998 (27),Alta pressão,Controle de bola; Duelos aéreos,Midfielder,12,11.48,21,22,4,79.53,6.87,180,Javi Puado
https://www.sofascore.com/pt/football/player/ismaila-ciss/913679,Rayo Vallecano,1.8M €,16 de março de 1994 (31),Posicionamento,Disciplina,Midfielder,4,1.92,14,49,1,85.63,6.86,181,Pathé Ismaël Ciss
https://www.sofascore.com/pt/football/player/samuel-costa/988351,Mallorca,14.6M €,27 de novembro de 2000 (24),Posicionamento,Sem pontos fracos notáveis,Midfielder,0,1.84,13,88,2,81.59,6.86,182,Samú Costa
https://www.sofascore.com/pt/football/player/matija-nastasic/98440,,845K €,28 de março de 1993 (32),Sem pontos fortes notáveis,Sem pontos fracos notáveis,Defender,1,0.06,1,25,0,82.88,6.86,183,Matija Nastasić
https://www.sofascore.com/pt/football/player/sergio-carreira/1002764,Celta Vigo,3.8M €,13 de outubro de 2000 (25),Sem pontos fortes notáveis,Sem pontos fracos notáveis,Midfielder,0,0.6,14,28,4,78.53,6.86,184,Sergio Carreira
https://www.sofascore.com/pt/football/player/logan-costa/911853,Villarreal,17.5M €,1 de abril de 2001 (24),Sem pontos fortes notáveis,Sem pontos fracos notáveis,Defender,2,0.7,0,38,1,87.92,6.86,185,Logan Costa
https://www.sofascore.com/pt/football/player/sergio-gonzalez/377234,,880K €,20 de abril de 1992 (33),Duelos no chão,Sem pontos fracos notáveis,Defender,2,1.47,4,40,0,84.16,6.85,186,Sergio González
https://www.sofascore.com/pt/football/player/sergio-camello/910024,Rayo Vallecano,3.3M €,10 de fevereiro de 2001 (24),Alta pressão,Duelos aéreos; Controle de bola,Forward,3,4.03,13,9,2,80.63,6.85,187,Sergio Camello
https://www.sofascore.com/pt/football/player/viti-rozada/1031499,,,16 de setembro de 1997 (28),,,Defender,0,0.07,9,71,2,84.13,6.85,188,Viti Rozada
https://www.sofascore.com/pt/football/player/javier-munoz/353154,Getafe,1.8M €,28 de fevereiro de 1995 (30),Sem pontos fortes notáveis,Sem pontos fracos notáveis,Midfielder,1,1.27,21,45,3,79.81,6.85,189,Javier Muñoz
https://www.sofascore.com/pt/football/player/albert-sambi-lokonga/901892,Hamburger SV,6.2M €,22 de outubro de 1999 (26),Passes longos,Sem pontos fracos notáveis,Midfielder,0,0.92,4,22,2,89.62,6.85,190,Albert Sambi Lokonga
https://www.sofascore.com/pt/football/player/borja-iglesias/785989,Celta Vigo,3.1M €,17 de janeiro de 1993 (32),Jogador âncora,Sem pontos fracos notáveis,Forward,11,9.39,11,10,3,72.73,6.85,191,Borja Iglesias
https://www.sofascore.com/pt/football/player/cristhian-mosquera/1144630,Arsenal,33M €,27 de junho de 2004 (21),Duelos no chão,Sem pontos fracos notáveis,Defender,1,0.42,5,56,0,91.24,6.85,192,Cristhian Mosquera
https://www.sofascore.com/pt/football/player/juan-iglesias/949707,Getafe,3.4M €,3 de julho de 1998 (27),Duelos no chão,Passes longos; Passe,Defender,0,1.6,13,81,1,60.46,6.85,193,Juan Iglesias
https://www.sofascore.com/pt/football/player/javi-galan/825133,Atlético Madrid,3.9M €,19 de novembro de 1994 (30),Duelos no chão,Sem pontos fracos notáveis,Defender,0,0.2,28,51,3,85.38,6.85,194,Javi Galán
https://www.sofascore.com/pt/football/player/gorka-guruzeta/605672,Athletic Club,5.5M €,12 de setembro de 1996 (29),Alta pressão; Jogador âncora,Sem pontos fracos notáveis,Forward,7,6.6,11,16,2,74.0,6.85,195,Gorka Guruzeta
https://www.sofascore.com/pt/football/player/natan/1015287,Real Betis,19M €,6 de fevereiro de 2001 (24),Duelos no chão,Sem pontos fracos notáveis,Defender,1,0.35,2,35,1,88.95,6.85,196,Natan
https://www.sofascore.com/pt/football/player/adria-pedrosa/928672,Elche,3.9M €,13 de maio de 1998 (27),Sem pontos fortes notáveis,Passes longos; Duelos aéreos,Defender,1,0.9,17,56,1,78.54,6.85,197,Adrià Pedrosa
https://www.sofascore.com/pt/football/player/unai-lopez/588566,Rayo Vallecano,2.6M €,30 de outubro de 1995 (30),Sem pontos fortes notáveis,Sem pontos fracos notáveis,Midfielder,3,1.6,15,31,1,85.95,6.84,198,Unai López
https://www.sofascore.com/pt/football/player/yvan-neyou/869931,Getafe,2.8M €,3 de janeiro de 1997 (28),Passes longos; Duelos no chão,Disciplina,Midfielder,1,0.62,19,53,1,88.1,6.84,199,Yvan Neyou
https://www.sofascore.com/pt/football/player/domingos-duarte/576276,Getafe,870K €,10 de março de 1995 (30),Sem pontos fortes notáveis,Disciplina,Defender,1,0.2,0,28,0,78.7,6.84,200,Domingos Duarte
https://www.sofascore.com/pt/football/player/aitor-paredes/959872,Athletic Club,21M €,29 de abril de 2000 (25),Sem pontos fortes notáveis,Sem pontos fracos notáveis,Defender,3,2.29,0,15,0,83.58,6.84,201,Aitor Paredes
https://www.sofascore.com/pt/football/player/fran-beltran/835484,Celta Vigo,5.2M €,3 de fevereiro de 1999 (26),Passes longos,Sem pontos fracos notáveis,Midfielder,2,1.01,10,50,1,88.99,6.84,202,Fran Beltrán
https://www.sofascore.com/pt/football/player/robert-navarro/944165,Athletic Club,6.5M €,12 de abril de 2002 (23),Alta pressão,Sem pontos fracos notáveis,Midfielder,1,1.99,35,30,0,79.95,6.83,203,Robert Navarro
https://www.sofascore.com/pt/football/player/cristhian-stuani/32048,Girona FC,930K €,12 de outubro de 1986 (39),Marcador de pênalti; Finalização,Sem pontos fracos notáveis,Forward,11,8.25,2,9,2,70.2,6.83,204,Cristhian Stuani
https://www.sofascore.com/pt/football/player/raul-moro/980383,AFC Ajax,7.2M €,5 de dezembro de 2002 (22),Armador,Sem pontos fracos notáveis,Midfielder,4,4.17,57,22,5,72.83,6.83,205,Raúl Moro
https://www.sofascore.com/pt/football/player/renato-tapia/352376,Al Wasl,2.1M €,28 de julho de 1995 (30),Duelos no chão; Posicionamento,Sem pontos fracos notáveis,Midfielder,1,0.57,19,61,0,79.54,6.83,206,Renato Tapia
https://www.sofascore.com/pt/football/player/nahuel-molina/831799,Atlético Madrid,19.4M €,6 de abril de 1998 (27),Sem pontos fortes notáveis,Duelos aéreos,Defender,0,0.8,15,44,3,82.52,6.83,207,Nahuel Molina
https://www.sofascore.com/pt/football/player/nemanja-gudelj/68332,Sevilla,2.9M €,16 de novembro de 1991 (33),Sem pontos fortes notáveis,Sem pontos fracos notáveis,Midfielder,1,1.62,6,42,1,88.46,6.83,208,Nemanja Gudelj
https://www.sofascore.com/pt/football/player/juanlu-sanchez/1010655,Sevilla,14.6M €,15 de agosto de 2003 (22),Passe; Duelos no chão,Sem pontos fracos notáveis,Midfielder,4,2.15,11,50,4,85.33,6.83,209,Juanlu Sánchez
https://www.sofascore.com/pt/football/player/donny-van-de-beek/361790,Girona FC,3.1M €,18 de abril de 1997 (28),Sem pontos fortes notáveis,Sem pontos fracos notáveis,Midfielder,2,1.54,6,29,2,83.72,6.83,210,Donny van de Beek
https://www.sofascore.com/pt/football/player/kike-perez/857178,Venezia,1.8M €,14 de fevereiro de 1997 (28),Sem pontos fortes notáveis,Sem pontos fracos notáveis,Midfielder,2,2.06,8,37,0,82.15,6.83,211,Kike Pérez
https://www.sofascore.com/pt/football/player/jon-aramburu/1116388,Real Sociedad,13.9M €,23 de julho de 2002 (23),Desarme; Duelos no chão,Sem pontos fracos notáveis,Defender,1,0.45,8,102,1,80.8,6.83,212,Jon Aramburu
https://www.sofascore.com/pt/football/player/arnaut-danjuma/827064,Valencia,3.8M €,31 de janeiro de 1997 (28),Sem pontos fortes notáveis,Sem pontos fracos notáveis,Forward,4,4.39,24,10,0,81.72,6.83,213,Arnaut Danjuma
https://www.sofascore.com/pt/football/player/loic-bade/1006489,Bayer 04 Leverkusen,24M €,11 de abril de 2000 (25),Duelos no chão,Disciplina,Defender,1,0.63,17,47,1,86.44,6.83,214,Loïc Badé
https://www.sofascore.com/pt/football/player/jose-campana/96373,,,31 de maio de 1993 (32),Sem pontos fortes notáveis,Sem pontos fracos notáveis,Midfielder,0,0.13,8,21,3,87.14,6.82,215,José Campaña
https://www.sofascore.com/pt/football/player/sheraldo-becker/352544,Osasuna,1.9M €,9 de fevereiro de 1995 (30),Sem pontos fortes notáveis,Sem pontos fracos notáveis,Forward,2,2.0,4,3,1,77.05,6.82,216,Sheraldo Becker
https://www.sofascore.com/pt/football/player/pedro-diaz/900669,Rayo Vallecano,2.9M €,5 de junho de 1998 (27),Passe,Sem pontos fracos notáveis,Midfielder,3,2.37,20,23,0,84.17,6.82,217,Pedro Díaz
https://www.sofascore.com/pt/football/player/alex-munoz/273227,Almería,1.1M €,30 de julho de 1994 (31),Sem pontos fortes notáveis,Sem pontos fracos notáveis,Defender,3,0.79,2,39,0,82.32,6.82,218,Álex Muñoz
https://www.sofascore.com/pt/football/player/chimy-avila/789381,Real Betis,1.9M €,6 de fevereiro de 1994 (31),Passes longos,Disciplina,Forward,2,1.83,5,8,0,76.14,6.82,219,Chimy Ávila
https://www.sofascore.com/pt/football/player/brais-mendez/845385,Real Sociedad,17.5M €,7 de janeiro de 1997 (28),Cobranças direta de falta; Alta pressão,Controle de bola,Midfielder,3,3.53,14,24,2,82.39,6.82,220,Brais Méndez
https://www.sofascore.com/pt/football/player/alberto-moleiro/1012444,Villarreal,27M €,30 de setembro de 2003 (22),Sem pontos fortes notáveis,Sem pontos fracos notáveis,Midfielder,6,5.48,64,27,1,83.38,6.81,221,Alberto Moleiro
https://www.sofascore.com/pt/football/player/juanma-herzog/1513451,Las Palmas,1.5M €,13 de maio de 2004 (21),Sem pontos fortes notáveis,Sem pontos fracos notáveis,Defender,0,0.86,0,12,0,87.17,6.81,222,Juanma Herzog
https://www.sofascore.com/pt/football/player/aitor-ruibal/893062,Real Betis,3.4M €,22 de março de 1996 (29),Sem pontos fortes notáveis,Sem pontos fracos notáveis,Defender,1,0.9,14,32,3,84.82,6.81,223,Aitor Ruibal
https://www.sofascore.com/pt/football/player/oliver-mcburnie/367228,Hull City,2.7M €,4 de junho de 1996 (29),Jogador âncora; Posicionamento,Passe,Forward,3,4.81,16,15,6,65.85,6.81,224,Oliver McBurnie
https://www.sofascore.com/pt/football/player/gerard-martin/1094827,Barcelona,10.9M €,26 de fevereiro de 2002 (23),Duelos no chão,Sem pontos fracos notáveis,Defender,1,0.47,4,22,3,85.08,6.81,225,Gerard Martín
https://www.sofascore.com/pt/football/player/mikel-oyarzabal/823622,Real Sociedad,21M €,21 de abril de 1997 (28),Marcador de pênalti; Jogador âncora; Alta pressão,Sem pontos fracos notáveis,Forward,9,10.26,9,25,3,74.29,6.81,226,Mikel Oyarzabal
https://www.sofascore.com/pt/football/player/pablo-duran/1398524,Celta Vigo,3.6M €,25 de maio de 2001 (24),Sem pontos fortes notáveis,Controle de bola,Forward,4,3.75,12,17,4,73.73,6.81,227,Pablo Durán
https://www.sofascore.com/pt/football/player/hugo-alvarez/1154935,Celta Vigo,9.7M €,2 de julho de 2003 (22),Sem pontos fortes notáveis,Sem pontos fracos notáveis,Midfielder,4,2.46,32,26,3,79.2,6.81,228,Hugo Álvarez
https://www.sofascore.com/pt/football/player/alvaro-tejero/826679,Aris Thessaloniki,1.9M €,20 de julho de 1996 (29),Sem pontos fortes notáveis,Sem pontos fracos notáveis,Defender,1,0.62,3,14,4,79.64,6.81,229,Álvaro Tejero
https://www.sofascore.com/pt/football/player/mika-marmol/979146,Las Palmas,9.1M €,1 de julho de 2001 (24),Duelos no chão,Sem pontos fracos notáveis,Defender,0,0.41,7,61,1,79.39,6.8,230,Mika Mármol
https://www.sofascore.com/pt/football/player/pau-victor/1031567,Sporting Braga,9.6M €,27 de novembro de 2001 (23),Sem pontos fortes notáveis,Sem pontos fracos notáveis,Forward,2,3.01,7,3,1,82.91,6.8,231,Pau Víctor
https://www.sofascore.com/pt/football/player/youssouf-sabaly/111803,Al Duhail,1.7M €,5 de março de 1993 (32),Duelos no chão,Passes longos,Defender,0,0.19,8,40,1,88.31,6.8,232,Youssouf Sabaly
https://www.sofascore.com/pt/football/player/hugo-sotelo/1120669,Celta Vigo,11.5M €,19 de dezembro de 2003 (21),Passes longos; Armador,Sem pontos fracos notáveis,Midfielder,0,0.19,8,28,0,88.62,6.8,233,Hugo Sotelo
https://www.sofascore.com/pt/football/player/ivan-martin/973699,Girona FC,5.5M €,14 de fevereiro de 1999 (26),Passes longos,Sem pontos fracos notáveis,Midfielder,1,1.73,25,32,1,91.37,6.79,234,Iván Martín
https://www.sofascore.com/pt/football/player/diego-lopez/998950,Valencia,16M €,13 de maio de 2002 (23),Passes longos; Alta pressão,Duelos aéreos; Controle de bola,Midfielder,8,6.7,23,31,5,75.71,6.79,235,Diego López
https://www.sofascore.com/pt/football/player/benat-prados/1012409,Athletic Club,18.5M €,8 de fevereiro de 2001 (24),Alta pressão,Sem pontos fracos notáveis,Midfielder,1,1.01,15,55,0,82.47,6.78,236,Beñat Prados
https://www.sofascore.com/pt/football/player/orjan-nyland/22209,Sevilla,930K €,10 de setembro de 1990 (35),Sem pontos fortes notáveis,Sem pontos fracos notáveis,Goleiro,0,,0,3,0,59.08,6.78,237,Ørjan Nyland
https://www.sofascore.com/pt/football/player/abqar-abdelkabir/1101232,Getafe,7.1M €,10 de março de 1999 (26),Duelos no chão,Passes longos; Disciplina,Defender,0,0.89,3,36,1,76.95,6.78,238,Abdelkabir Abqar
https://www.sofascore.com/pt/football/player/munir-el-haddadi/350170,Esteghlal FC,1.4M €,1 de setembro de 1995 (30),Sem pontos fortes notáveis,Duelos aéreos,Forward,4,1.54,7,12,0,79.12,6.78,239,Munir El Haddadi
https://www.sofascore.com/pt/football/player/javier-guerra/1122610,Valencia,26M €,13 de maio de 2003 (22),Sem pontos fortes notáveis,Controle de bola,Midfielder,3,2.21,29,50,3,80.43,6.77,240,Javier Guerra
https://www.sofascore.com/pt/football/player/johan-mojica/344847,Mallorca,1.9M €,21 de agosto de 1992 (33),Sem pontos fortes notáveis,Controle de bola,Defender,1,0.93,33,36,2,78.02,6.77,241,Johan Mojica
https://www.sofascore.com/pt/football/player/amallah-selim/801211,,1.6M €,15 de novembro de 1996 (28),Sem pontos fortes notáveis,Sem pontos fracos notáveis,Midfielder,3,3.33,33,30,1,83.42,6.77,242,Selim Amallah
https://www.sofascore.com/pt/football/player/oscar-rodriguez/794948,,1.8M €,28 de junho de 1998 (27),Sem pontos fortes notáveis,Sem pontos fracos notáveis,Midfielder,1,2.09,21,32,4,76.78,6.77,243,Óscar Rodríguez
https://www.sofascore.com/pt/football/player/omar-mascarell/255999,Mallorca,940K €,2 de fevereiro de 1993 (32),Sem pontos fortes notáveis,Sem pontos fracos notáveis,Midfielder,1,0.51,10,27,0,84.78,6.77,244,Omar Mascarell
https://www.sofascore.com/pt/football/player/abel-bretones/1010165,Osasuna,3.9M €,21 de agosto de 2000 (25),Sem pontos fortes notáveis,Passes longos,Defender,2,0.49,18,60,0,76.29,6.76,245,Abel Bretones
https://www.sofascore.com/pt/football/player/pablo-marin/1139409,Real Sociedad,8.4M €,3 de julho de 2003 (22),Sem pontos fortes notáveis,Sem pontos fracos notáveis,Midfielder,1,1.42,20,25,2,82.12,6.76,246,Pablo Marín
https://www.sofascore.com/pt/football/player/antonio-blanco/855832,Deportivo Alavés,9.7M €,23 de julho de 2000 (25),Sem pontos fortes notáveis,Disciplina,Midfielder,0,0.83,15,67,1,80.79,6.76,247,Antonio Blanco
https://www.sofascore.com/pt/football/player/jesus-areso/910267,Athletic Club,13.2M €,2 de julho de 1999 (26),Sem pontos fortes notáveis,Sem pontos fracos notáveis,Defender,0,0.22,24,53,3,80.92,6.76,248,Jesús Areso
https://www.sofascore.com/pt/football/player/fernando-calero/857205,Espanyol,1.6M €,14 de setembro de 1995 (30),Sem pontos fortes notáveis,Sem pontos fracos notáveis,Defender,1,0.22,0,18,0,85.83,6.76,249,Fernando Calero
https://www.sofascore.com/pt/football/player/anuar/601962,AD Ceuta,945K €,15 de janeiro de 1995 (30),Duelos no chão,Disciplina,Midfielder,2,1.69,7,38,0,84.5,6.75,250,Anuar
https://www.sofascore.com/pt/football/player/igor-zubeldia/838159,Real Sociedad,9.5M €,30 de março de 1997 (28),Sem pontos fortes notáveis,Disciplina,Defender,0,0.7,6,34,0,86.9,6.75,251,Igor Zubeldia
https://www.sofascore.com/pt/football/player/angel-correa/316152,Tigres UANL,9.9M €,9 de março de 1995 (30),Alta pressão; Passes longos,Controle de bola,Forward,4,4.54,13,9,1,79.76,6.75,252,Ángel Correa
https://www.sofascore.com/pt/football/player/jesus-rodriguez/1800245,Como,32M €,21 de novembro de 2005 (19),Sem pontos fortes notáveis,Sem pontos fracos notáveis,Midfielder,2,2.28,30,16,0,75.97,6.75,253,Jesús Rodriguez
https://www.sofascore.com/pt/football/player/denis-suarez/138383,Deportivo Alavés,1.3M €,6 de janeiro de 1994 (31),Sem pontos fortes notáveis,Sem pontos fracos notáveis,Midfielder,1,0.95,10,12,1,83.4,6.75,254,Denis Suárez
https://www.sofascore.com/pt/football/player/da-costa-coba-gomes/1392054,Getafe,2.6M €,26 de julho de 2002 (23),Sem pontos fortes notáveis,Controle de bola,Midfielder,1,1.17,19,29,1,69.88,6.75,255,Coba da Costa
https://www.sofascore.com/pt/football/player/borja-mayoral/604954,Getafe,7.8M €,5 de abril de 1997 (28),Alta pressão; Finalização,Duelos aéreos; Controle de bola,Forward,5,3.51,6,5,1,81.25,6.75,256,Borja Mayoral
https://www.sofascore.com/pt/football/player/jorge-de-frutos/900003,Rayo Vallecano,10.9M €,30 de novembro de 1996 (28),Alta pressão,Controle de bola,Midfielder,6,6.35,32,37,3,73.83,6.74,257,Jorge de Frutos
https://www.sofascore.com/pt/football/player/alex-kral/825740,,4.5M €,19 de maio de 1998 (27),Sem pontos fortes notáveis,Sem pontos fracos notáveis,Midfielder,0,1.62,29,55,1,75.19,6.74,258,Alex Král
https://www.sofascore.com/pt/football/player/seydouba-cisse/906065,Leganés,3.1M €,10 de fevereiro de 2001 (24),Sem pontos fortes notáveis,Sem pontos fracos notáveis,Midfielder,3,3.02,30,59,1,85.45,6.74,259,Seydouba Cisse
https://www.sofascore.com/pt/football/player/mikel-vesga/359742,Athletic Club,2.4M €,8 de abril de 1993 (32),Sem pontos fortes notáveis,Sem pontos fracos notáveis,Midfielder,0,1.2,7,22,0,81.52,6.73,260,Mikel Vesga
https://www.sofascore.com/pt/football/player/bertug-ozgur-yildirim/1382235,Başakşehir FK,1.9M €,12 de julho de 2002 (23),Sem pontos fortes notáveis,Marcador de pênalti,Forward,1,2.56,7,10,0,55.06,6.73,261,Bertuğ Yıldırım
https://www.sofascore.com/pt/football/player/gerard-gumbau/326471,Rayo Vallecano,1.4M €,18 de dezembro de 1994 (30),Sem pontos fortes notáveis,Sem pontos fracos notáveis,Midfielder,0,1.08,2,17,1,80.21,6.73,262,Gerard Gumbau
https://www.sofascore.com/pt/football/player/altimira-adria/980732,Villarreal,1.4M €,28 de março de 2001 (24),Duelos no chão,Sem pontos fracos notáveis,Defender,0,0.27,10,41,0,81.5,6.73,263,Adrià Altimira
https://www.sofascore.com/pt/football/player/jon-guridi/788141,Deportivo Alavés,2.8M €,28 de fevereiro de 1995 (30),Sem pontos fortes notáveis,Sem pontos fracos notáveis,Midfielder,3,4.2,8,40,1,75.67,6.73,264,Jon Guridi
https://www.sofascore.com/pt/football/player/scott-mckenna/358108,GNK Dinamo Zagreb,3.7M €,12 de novembro de 1996 (29),Sem pontos fortes notáveis,Sem pontos fracos notáveis,Defender,0,1.02,3,21,0,86.94,6.73,265,Scott McKenna
https://www.sofascore.com/pt/football/player/javi-sanchez/943713,Real Valladolid,940K €,14 de março de 1997 (28),Sem pontos fortes notáveis,Sem pontos fracos notáveis,Defender,2,0.48,2,26,0,87.82,6.73,266,Javi Sánchez
https://www.sofascore.com/pt/football/player/jon-ander-olasagasti/1010383,Levante UD,2.1M €,16 de agosto de 2000 (25),Sem pontos fortes notáveis,Sem pontos fracos notáveis,Midfielder,1,0.92,3,21,1,78.99,6.72,267,Jon Ander Olasagasti
https://www.sofascore.com/pt/football/player/williot-swedberg/1126779,Celta Vigo,9.3M €,1 de fevereiro de 2004 (21),Sem pontos fortes notáveis,Controle de bola,Midfielder,4,5.31,10,23,5,76.32,6.72,268,Williot Swedberg
https://www.sofascore.com/pt/football/player/allan-nyom/128637,Getafe,330K €,10 de maio de 1988 (37),Sem pontos fortes notáveis,Passes longos,Defender,1,0.51,4,18,2,80.0,6.72,269,Allan Nyom
https://www.sofascore.com/pt/football/player/carlos-martin/1131581,Atlético Madrid,2.9M €,22 de abril de 2002 (23),Sem pontos fortes notáveis,Controle de bola,Forward,2,2.29,9,43,2,68.28,6.72,270,Carlos Martín
https://www.sofascore.com/pt/football/player/adrian-embarba/346516,Almería,1.1M €,7 de maio de 1992 (33),Sem pontos fortes notáveis,Controle de bola; Duelos aéreos,Midfielder,1,2.12,20,41,1,74.1,6.71,271,Adrián Embarba
https://www.sofascore.com/pt/football/player/vitor-roque/1150391,Palmeiras,21M €,28 de fevereiro de 2005 (20),Alta pressão,Duelos aéreos; Controle de bola,Forward,4,6.11,10,11,0,73.4,6.71,272,Vitor Roque
https://www.sofascore.com/pt/football/player/luis-perez/843180,Gaziantep FK,1.3M €,4 de fevereiro de 1995 (30),Duelos no chão,Sem pontos fracos notáveis,Defender,0,0.15,12,41,0,80.59,6.71,273,Luis Pérez
https://www.sofascore.com/pt/football/player/takuma-asano/309546,Mallorca,1.9M €,10 de novembro de 1994 (31),Sem pontos fortes notáveis,Duelos aéreos; Controle de bola,Midfielder,2,2.47,6,13,1,73.37,6.71,274,Takuma Asano
https://www.sofascore.com/pt/football/player/lucas-rosa/970860,AFC Ajax,3.2M €,3 de abril de 2000 (25),Sem pontos fortes notáveis,Sem pontos fracos notáveis,Defender,0,0.86,14,54,1,79.94,6.71,275,Lucas Rosa
https://www.sofascore.com/pt/football/player/manuel-sanchez/984789,Levante UD,6.4M €,23 de agosto de 2000 (25),Desarme,Controle de bola; Duelos aéreos; Passes longos,Defender,1,1.68,8,83,0,73.08,6.71,276,Manuel Sánchez
https://www.sofascore.com/pt/football/player/benat-turrientes/980410,Real Sociedad,9.6M €,31 de janeiro de 2002 (23),Passes longos,Sem pontos fracos notáveis,Midfielder,0,0.55,13,15,0,92.13,6.7,277,Beñat Turrientes
https://www.sofascore.com/pt/football/player/randy-nteka/932764,Rayo Vallecano,1.6M €,6 de dezembro de 1997 (27),Sem pontos fortes notáveis,Sem pontos fracos notáveis,Forward,3,2.61,5,16,0,66.06,6.7,278,Randy Nteka
https://www.sofascore.com/pt/football/player/oriol-romeu/69416,,740K €,24 de setembro de 1991 (34),Sem pontos fortes notáveis,Sem pontos fracos notáveis,Midfielder,0,0.14,4,38,0,90.86,6.7,279,Oriol Romeu
https://www.sofascore.com/pt/football/player/raul-garcia-de-haro/997280,Osasuna,3.1M €,3 de novembro de 2000 (25),Sem pontos fortes notáveis,Sem pontos fracos notáveis,Forward,4,3.46,11,13,0,71.7,6.7,280,Raúl García de Haro
https://www.sofascore.com/pt/football/player/oscar-valentin/900008,Rayo Vallecano,2.4M €,20 de agosto de 1994 (31),Sem pontos fortes notáveis,Sem pontos fracos notáveis,Midfielder,0,0.43,5,55,0,83.17,6.7,281,Óscar Valentín
https://www.sofascore.com/pt/football/player/djene/307702,Getafe,1.9M €,31 de dezembro de 1991 (33),Sem pontos fortes notáveis,Disciplina,Defender,0,0.36,7,25,0,77.96,6.69,282,Djené
https://www.sofascore.com/pt/football/player/pol-lozano/826010,Espanyol,4.9M €,6 de outubro de 1999 (26),Passes longos,Sem pontos fracos notáveis,Midfielder,0,0.17,5,53,1,85.13,6.69,283,Pol Lozano
https://www.sofascore.com/pt/football/player/aihen-munoz/966441,Real Sociedad,4.1M €,16 de agosto de 1997 (28),Sem pontos fortes notáveis,Passes longos,Defender,0,0.16,7,24,0,77.39,6.69,284,Aihen Muñoz
https://www.sofascore.com/pt/football/player/juanmi-latasa/966679,Real Valladolid,1.9M €,23 de março de 2001 (24),Jogador âncora,Passe,Forward,3,4.4,8,4,0,60.24,6.69,285,Juanmi Latasa
https://www.sofascore.com/pt/football/player/portu/218616,Girona FC,1.9M €,21 de maio de 1992 (33),Sem pontos fortes notáveis,Sem pontos fracos notáveis,Forward,1,1.6,4,13,2,78.74,6.69,286,Portu
https://www.sofascore.com/pt/football/player/antoniu-roca/1099344,Espanyol,1.6M €,5 de setembro de 2002 (23),Duelos no chão,Sem pontos fracos notáveis,Midfielder,0,0.87,29,21,1,72.82,6.69,287,Antoniu Roca
https://www.sofascore.com/pt/football/player/ander-barrenetxea/966862,Real Sociedad,17.2M €,27 de dezembro de 2001 (23),Alta pressão; Posicionamento,Duelos aéreos,Forward,1,1.64,26,26,3,77.39,6.69,288,Ander Barrenetxea
https://www.sofascore.com/pt/football/player/carles-perez/794950,Aris Thessaloniki,1.9M €,16 de fevereiro de 1998 (27),Sem pontos fortes notáveis,Sem pontos fracos notáveis,Midfielder,3,2.37,21,33,0,73.54,6.69,289,Carles Pérez
https://www.sofascore.com/pt/football/player/ivan-balliu/152446,Rayo Vallecano,1.5M €,1 de janeiro de 1992 (33),Sem pontos fortes notáveis,Duelos aéreos,Defender,0,0.01,3,17,0,77.59,6.68,290,Iván Balliu
https://www.sofascore.com/pt/football/player/mamadou-sylla/793761,,1.1M €,20 de março de 1994 (31),Sem pontos fortes notáveis,Controle de bola,Forward,5,5.06,5,9,2,65.04,6.68,291,Mamadou Sylla
https://www.sofascore.com/pt/football/player/walid-cheddira/917485,Sassuolo,2.3M €,22 de janeiro de 1998 (27),Sem pontos fortes notáveis,Controle de bola,Forward,1,1.0,4,5,1,72.28,6.68,292,Walid Cheddira
https://www.sofascore.com/pt/football/player/ander-guevara/891931,Deportivo Alavés,3.8M €,7 de julho de 1997 (28),Sem pontos fortes notáveis,Sem pontos fracos notáveis,Midfielder,0,0.86,9,49,1,77.45,6.68,293,Ander Guevara
https://www.sofascore.com/pt/football/player/jofre/1019236,Espanyol,2.8M €,17 de junho de 2001 (24),Sem pontos fortes notáveis,Controle de bola,Midfielder,3,2.51,39,22,3,72.21,6.68,294,Jofre Carreras
https://www.sofascore.com/pt/football/player/pablo-ibanez-lumbreras/1084381,Deportivo Alavés,3.1M €,1 de janeiro de 1998 (27),Sem pontos fortes notáveis,Sem pontos fracos notáveis,Midfielder,1,1.54,13,20,1,76.63,6.68,295,Pablo Ibáñez
https://www.sofascore.com/pt/football/player/javier-hernandez/1031658,Al-Arabi SC,2.4M €,2 de maio de 1998 (27),Sem pontos fortes notáveis,Sem pontos fracos notáveis,Defender,2,0.76,16,26,1,77.16,6.68,296,Javier Hernández
https://www.sofascore.com/pt/football/player/cyle-larin/790179,Feyenoord,3.6M €,17 de abril de 1995 (30),Sem pontos fortes notáveis,Controle de bola; Passe,Forward,7,6.47,8,12,2,69.06,6.68,297,Cyle Larin
https://www.sofascore.com/pt/football/player/dimitri-foulquier/151138,Valencia,1.6M €,23 de março de 1993 (32),Duelos no chão,Passes longos,Defender,0,0.43,8,48,1,81.46,6.68,298,Dimitri Foulquier
https://www.sofascore.com/pt/football/player/umar-sadiq/754710,Real Sociedad,4.8M €,2 de fevereiro de 1997 (28),Sem pontos fortes notáveis,Controle de bola,Forward,5,3.62,16,12,0,68.98,6.67,299,Umar Sadiq
https://www.sofascore.com/pt/football/player/reinildo-mandava/831424,Sunderland,5.2M €,21 de janeiro de 1994 (31),Duelos no chão,Sem pontos fracos notáveis,Defender,0,0.07,4,18,0,84.04,6.67,300,Reinildo Mandava
https://www.sofascore.com/pt/football/player/romain-perraud/827519,Lille,4.9M €,22 de setembro de 1997 (28),Sem pontos fortes notáveis,Passes longos; Controle de bola,Defender,2,0.55,11,36,2,83.11,6.67,301,Romain Perraud
https://www.sofascore.com/pt/football/player/alex-suarez/914848,Las Palmas,900K €,1 de janeiro de 1993 (32),Duelos no chão,Sem pontos fracos notáveis,Defender,0,0.53,0,40,0,86.0,6.67,302,Alex Suárez
https://www.sofascore.com/pt/football/player/peque-fernandez/997033,Sevilla,3.8M €,4 de outubro de 2002 (23),Marcador de pênalti,Duelos aéreos,Midfielder,1,2.49,11,16,1,82.01,6.67,303,Peque Fernández
https://www.sofascore.com/pt/football/player/cedric-bakambu/115665,Real Betis,1.5M €,11 de abril de 1991 (34),Sem pontos fortes notáveis,Controle de bola; Duelos no chão,Forward,2,3.18,1,6,2,68.29,6.66,304,Cédric Bakambu
https://www.sofascore.com/pt/football/player/marcos-andre/880157,Real Valladolid,970K €,20 de outubro de 1996 (29),Sem pontos fortes notáveis,Controle de bola,Forward,1,2.69,17,10,2,66.83,6.66,305,Marcos André
https://www.sofascore.com/pt/football/player/antonio-sanchez/949722,Mallorca,2.7M €,22 de abril de 1997 (28),Sem pontos fortes notáveis,Sem pontos fracos notáveis,Midfielder,0,1.08,14,28,0,76.27,6.66,306,Antonio Sánchez
https://www.sofascore.com/pt/football/player/pere-milla/175185,Espanyol,1.2M €,23 de setembro de 1992 (33),Sem pontos fortes notáveis,Sem pontos fracos notáveis,Midfielder,3,1.47,2,6,0,62.76,6.66,307,Pere Milla
https://www.sofascore.com/pt/football/player/darko-brasanac/94539,Málaga,515K €,12 de fevereiro de 1992 (33),Sem pontos fortes notáveis,Duelos aéreos,Midfielder,1,1.75,2,26,2,77.0,6.65,308,Darko Brašanac
https://www.sofascore.com/pt/football/player/martin-mario/1154549,Getafe,3.2M €,5 de março de 2004 (21),Sem pontos fortes notáveis,Disciplina,Midfielder,0,1.76,19,62,1,85.75,6.64,309,Mario Martín
https://www.sofascore.com/pt/football/player/douvikas-anastasios/894863,Como,9.4M €,2 de agosto de 1999 (26),Sem pontos fortes notáveis,Controle de bola,Forward,3,4.4,4,9,1,71.43,6.64,310,Anastasios Douvikas
https://www.sofascore.com/pt/football/player/jesus-vazquez/996929,Valencia,3.2M €,2 de janeiro de 2003 (22),Sem pontos fortes notáveis,Sem pontos fracos notáveis,Defender,0,0.16,14,23,0,77.04,6.64,311,Jesús Vázquez
https://www.sofascore.com/pt/football/player/aritz-elustondo/785468,Real Sociedad,2.2M €,28 de março de 1994 (31),Sem pontos fortes notáveis,Sem pontos fracos notáveis,Defender,0,0.43,3,20,0,86.34,6.64,312,Aritz Elustondo
https://www.sofascore.com/pt/football/player/abel-ruiz/826013,Girona FC,3.3M €,28 de janeiro de 2000 (25),Sem pontos fortes notáveis,Duelos aéreos; Controle de bola,Forward,4,4.79,7,6,0,89.43,6.64,313,Abel Ruíz
https://www.sofascore.com/pt/football/player/juan-bernat/96368,,,1 de março de 1993 (32),Sem pontos fortes notáveis,Sem pontos fracos notáveis,Defender,0,0.46,15,28,2,76.64,6.63,314,Juan Bernat
https://www.sofascore.com/pt/football/player/endrick/1174937,Real Madrid,37M €,21 de julho de 2006 (19),Sem pontos fortes notáveis,Sem pontos fracos notáveis,Forward,1,2.45,4,1,0,80.28,6.63,315,Endrick
https://www.sofascore.com/pt/football/player/tomas-conechny/822607,Racing Club,2M €,30 de março de 1998 (27),Sem pontos fortes notáveis,Controle de bola,Forward,1,2.39,6,15,0,67.14,6.63,316,Tomás Conechny
https://www.sofascore.com/pt/football/player/alejo-veliz/1116987,Rosario Central,2.6M €,19 de setembro de 2003 (22),Sem pontos fortes notáveis,Sem pontos fracos notáveis,Forward,1,2.3,1,1,0,64.86,6.63,317,Alejo Véliz
https://www.sofascore.com/pt/football/player/iker-munoz/1119586,Osasuna,2.7M €,5 de novembro de 2002 (23),Sem pontos fortes notáveis,Sem pontos fracos notáveis,Midfielder,0,0.43,2,5,1,80.0,6.63,318,Iker Muñoz
https://www.sofascore.com/pt/football/player/juan-cruz/897902,Osasuna,1.5M €,28 de julho de 1992 (33),Sem pontos fortes notáveis,Sem pontos fracos notáveis,Defender,0,0.13,1,26,0,82.4,6.63,319,Juan Cruz
https://www.sofascore.com/pt/football/player/park-marvin/960401,Las Palmas,1.1M €,7 de março de 2000 (25),Sem pontos fortes notáveis,Sem pontos fracos notáveis,Defender,0,0.25,2,25,0,78.85,6.62,320,Marvin Park
https://www.sofascore.com/pt/football/player/juanmi/96369,Getafe,1.4M €,20 de maio de 1993 (32),Sem pontos fortes notáveis,Controle de bola,Forward,0,3.62,8,21,0,78.61,6.62,321,Juanmi
https://www.sofascore.com/pt/football/player/iker-losada/992331,Levante UD,1.6M €,1 de agosto de 2001 (24),Sem pontos fortes notáveis,Sem pontos fracos notáveis,Midfielder,1,1.53,4,13,0,76.92,6.62,322,Iker Losada
https://www.sofascore.com/pt/football/player/diego-garcia/1121475,Leganés,1.6M €,18 de abril de 2000 (25),Sem pontos fortes notáveis,Controle de bola,Forward,3,3.97,4,1,0,65.03,6.61,323,Diego Garcia
https://www.sofascore.com/pt/football/player/abdon-prats/146852,Mallorca,1.1M €,17 de dezembro de 1992 (32),Sem pontos fortes notáveis,Sem pontos fracos notáveis,Forward,2,2.27,1,2,0,67.05,6.61,324,Abdón Prats
https://www.sofascore.com/pt/football/player/kambwala-willy/1136721,Villarreal,4.1M €,25 de agosto de 2004 (21),Sem pontos fortes notáveis,Sem pontos fracos notáveis,Defender,0,0.32,5,17,0,88.39,6.61,325,Willy Kambwala
https://www.sofascore.com/pt/football/player/fran-perez/966637,Rayo Vallecano,2.8M €,9 de setembro de 2002 (23),Sem pontos fortes notáveis,Controle de bola,Midfielder,0,0.31,8,17,0,81.63,6.6,326,Fran Pérez
https://www.sofascore.com/pt/football/player/rafa-mir/825754,Elche,2.1M €,18 de junho de 1997 (28),Sem pontos fortes notáveis,Duelos aéreos,Forward,1,2.98,2,12,2,73.44,6.6,327,Rafa Mir
https://www.sofascore.com/pt/football/player/juric-stanko/921417,Real Valladolid,1.1M €,16 de agosto de 1996 (29),Posicionamento,Sem pontos fracos notáveis,Midfielder,0,0.81,6,47,0,84.55,6.6,328,Stanko Jurić
https://www.sofascore.com/pt/football/player/unai-gomez/1391375,Athletic Club,6.2M €,25 de maio de 2003 (22),Sem pontos fortes notáveis,Sem pontos fracos notáveis,Midfielder,1,1.85,12,12,3,77.14,6.59,329,Unai Gómez
https://www.sofascore.com/pt/football/player/diarra-moussa/985262,Deportivo Alavés,1.6M €,10 de novembro de 2000 (25),Sem pontos fortes notáveis,Sem pontos fracos notáveis,Defender,0,0.03,7,40,0,84.12,6.59,330,Moussa Diarra
https://www.sofascore.com/pt/football/player/orri-steinn-oskarsson/1026015,Real Sociedad,15.7M €,29 de agosto de 2004 (21),Jogador âncora,Passe,Forward,3,5.1,2,6,0,55.68,6.59,331,Orri Steinn Óskarsson
https://www.sofascore.com/pt/football/player/juan-berrocal/851226,Atlanta United,1.5M €,5 de fevereiro de 1999 (26),Sem pontos fortes notáveis,Disciplina,Defender,0,0.38,0,14,0,76.13,6.57,332,Juan Berrocal
https://www.sofascore.com/pt/football/player/oscar-trejo/21949,Rayo Vallecano,485K €,26 de abril de 1988 (37),Passe; Alta pressão,Controle de bola,Midfielder,1,0.59,8,8,0,86.78,6.57,333,Óscar Trejo
https://www.sofascore.com/pt/football/player/benito-ramirez/868223,,,11 de julho de 1995 (30),Sem pontos fortes notáveis,Sem pontos fracos notáveis,Midfielder,0,0.31,3,10,0,84.92,6.57,334,Benito Ramírez
https://www.sofascore.com/pt/football/player/jaime-mata/351140,Las Palmas,190K €,24 de outubro de 1988 (37),Sem pontos fortes notáveis,Sem pontos fracos notáveis,Forward,0,2.51,5,8,0,71.02,6.57,335,Jaime Mata
https://www.sofascore.com/pt/football/player/lopez-javi/945404,Real Oviedo,8.1M €,1 de janeiro de 2002 (23),Sem pontos fortes notáveis,Passes longos,Defender,0,0.1,18,40,0,83.47,6.56,336,Javi López
https://www.sofascore.com/pt/football/player/ruben-pena/255973,Leganés,770K €,18 de julho de 1991 (34),Sem pontos fortes notáveis,Sem pontos fracos notáveis,Defender,0,0.71,10,12,0,66.81,6.55,337,Rubén Peña
https://www.sofascore.com/pt/football/player/yellu-santiago/1211005,Hellas Verona,810K €,25 de maio de 2004 (21),Sem pontos fortes notáveis,Sem pontos fracos notáveis,Midfielder,0,0.02,1,14,0,73.28,6.53,338,Yellu Santiago
https://www.sofascore.com/pt/football/player/romero-isaac/1018190,Sevilla,6.2M €,18 de maio de 2000 (25),Alta pressão; Jogador âncora,Disciplina; Controle de bola,Forward,4,6.71,21,13,2,73.25,6.53,339,Isaac Romero
https://www.sofascore.com/pt/football/player/alex-sola/966836,Granada,2.7M €,9 de junho de 1999 (26),Sem pontos fortes notáveis,Passe; Controle de bola,Midfielder,0,0.97,21,21,1,68.78,6.53,340,Álex Sola
https://www.sofascore.com/pt/football/player/moi-gomez/149370,Osasuna,2.1M €,23 de junho de 1994 (31),Passe; Passes longos,Sem pontos fracos notáveis,Midfielder,0,0.46,14,13,0,82.76,6.52,341,Moi Gómez
https://www.sofascore.com/pt/football/player/miguel-de-la-fuente/914212,Leganés,2.1M €,3 de setembro de 1999 (26),Sem pontos fortes notáveis,Duelos aéreos; Controle de bola,Forward,1,4.87,8,16,3,60.54,6.52,342,Miguel de la Fuente
https://www.sofascore.com/pt/football/player/eray-comert/814023,Valencia,2.2M €,4 de fevereiro de 1998 (27),Duelos no chão,Sem pontos fracos notáveis,Defender,0,0.88,4,25,0,87.98,6.5,343,Eray Cömert
https://www.sofascore.com/pt/football/player/jhon-solis/1106573,Girona FC,2.7M €,3 de outubro de 2004 (21),Sem pontos fortes notáveis,Sem pontos fracos notáveis,Midfielder,1,0.66,5,13,0,90.69,6.45,344,Jhon Solís
