#,Time,J,V,E,D,SALDO,Gols,PTS
1,Napoli,38,24,10,4,+32,59:27,82
2,Inter,38,24,9,5,+44,79:35,81
3,Atalanta,38,22,8,8,+41,78:37,74
4,Juventus,38,18,16,4,+23,58:35,70
5,Roma,38,20,9,9,+21,56:35,69
6,Fiorentina,38,19,8,11,+19,60:41,65
7,Lazio,38,18,11,9,+12,61:49,65
8,Milan,38,18,9,11,+18,61:43,63
9,Bologna,38,16,14,8,+10,57:47,62
10,Como,38,13,18,10,-3,49:52,49
11,Torino,38,10,14,14,-6,39:45,44
12,Udinese,38,12,8,18,-15,41:56,44
13,Genoa,38,10,13,15,-12,37:49,43
14,Verona,38,10,7,21,-32,34:66,37
15,Cagliari,38,9,9,20,-16,40:56,36
16,Parma,38,7,15,16,-14,44:58,36
17,Lecce,38,6,12,20,-31,27:58,30
18,Empoli,38,6,13,19,-26,33:59,28
19,Venezia,38,5,19,14,-13,32:56,29
20,Monza,38,3,9,26,-41,28:69,18
